[
{
    "model": "Politricks.party",
    "pk": 1,
    "fields": {
        "title": "All about Critics!!!",
        "description": "Lorem ipsum dolor sit amet, consectetur adipisicing elit, sed do eiusmod tempor incididunt ut labore et dolore magna aliqua. Ut enim ad minim veniam, quis nostrud eiusmod tempor incididunt ut labore et dolore magna aliqua exercitation ullamco laboris nisi",
        "view": 0
    }
},
{
    "model": "Politricks.party",
    "pk": 2,
    "fields": {
        "title": "Political Party",
        "description": "Lorem ipsum dolor sit amet, consectetur adipisicing elit, sed do eiusmod tempor incididunt ut labore et dolore magna aliqua. Ut enim ad minim veniam, quis nostrud eiusmod tempor incididunt ut labore et dolore magna aliqua exercitation ullamco laboris",
        "view": 0
    }
},
{
    "model": "Politricks.party",
    "pk": 3,
    "fields": {
        "title": "John Party",
        "description": "Lorem Ipsum is simply dummy text of the printing and typesetting industry. Lorem Ipsum has been the industry's standard dummy text ever since the 1500s, when an unknown printer took a galley of type and scrambled it to make a type specimen book. It has sur",
        "view": 0
    }
},
{
    "model": "Politricks.party",
    "pk": 4,
    "fields": {
        "title": "John Party",
        "description": "Lorem Ipsum is simply dummy text of the printing and typesetting industry. Lorem Ipsum has been the industry's standard dummy text ever since the 1500s, when an unknown printer took a galley of type and scrambled it to make a type specimen book. It has sur",
        "view": 0
    }
},
{
    "model": "Politricks.party",
    "pk": 5,
    "fields": {
        "title": "John Party",
        "description": "Lorem Ipsum is simply dummy text of the printing and typesetting industry. Lorem Ipsum has been the industry's standard dummy text ever since the 1500s, when an unknown printer took a galley of type and scrambled it to make a type specimen book. It has sur",
        "view": 0
    }
},
{
    "model": "Politricks.party",
    "pk": 6,
    "fields": {
        "title": "John Party",
        "description": "Lorem Ipsum is simply dummy text of the printing and typesetting industry. Lorem Ipsum has been the industry's standard dummy text ever since the 1500s, when an unknown printer took a galley of type and scrambled it to make a type specimen book. It has sur",
        "view": 0
    }
},
{
    "model": "Politricks.party",
    "pk": 7,
    "fields": {
        "title": "John Party",
        "description": "Lorem Ipsum is simply dummy text of the printing and typesetting industry. Lorem Ipsum has been the industry's standard dummy text ever since the 1500s, when an unknown printer took a galley of type and scrambled it to make a type specimen book. It has sur",
        "view": 0
    }
},
{
    "model": "Politricks.party",
    "pk": 8,
    "fields": {
        "title": "John Party",
        "description": "Lorem Ipsum is simply dummy text of the printing and typesetting industry. Lorem Ipsum has been the industry's standard dummy text ever since the 1500s, when an unknown printer took a galley of type and scrambled it to make a type specimen book. It has sur",
        "view": 0
    }
},
{
    "model": "Politricks.party",
    "pk": 9,
    "fields": {
        "title": "John Party",
        "description": "Lorem Ipsum is simply dummy text of the printing and typesetting industry. Lorem Ipsum has been the industry's standard dummy text ever since the 1500s, when an unknown printer took a galley of type and scrambled it to make a type specimen book. It has sur",
        "view": 0
    }
},
{
    "model": "Politricks.party",
    "pk": 10,
    "fields": {
        "title": "John Party",
        "description": "Lorem Ipsum is simply dummy text of the printing and typesetting industry. Lorem Ipsum has been the industry's standard dummy text ever since the 1500s, when an unknown printer took a galley of type and scrambled it to make a type specimen book. It has sur",
        "view": 0
    }
},
{
    "model": "Politricks.party",
    "pk": 11,
    "fields": {
        "title": "Kora Party",
        "description": "Lorem Ipsum is simply dummy text of the printing and typesetting industry. Lorem Ipsum has been the industry's standard dummy text ever since the 1500s, when an unknown printer took a galley of type and scrambled it to make a type specimen book. It has sur",
        "view": 0
    }
},
{
    "model": "Politricks.party",
    "pk": 12,
    "fields": {
        "title": "Kims Party",
        "description": "Lorem Ipsum is simply dummy text of the printing and typesetting industry. Lorem Ipsum has been the industry's standard dummy text ever since the 1500s, when an unknown printer took a galley of type and scrambled it to make a type specimen book. It has sur",
        "view": 0
    }
},
{
    "model": "Politricks.party",
    "pk": 13,
    "fields": {
        "title": "Kims Party",
        "description": "Lorem Ipsum is simply dummy text of the printing and typesetting industry. Lorem Ipsum has been the industry's standard dummy text ever since the 1500s, when an unknown printer took a galley of type and scrambled it to make a type specimen book. It has sur",
        "view": 0
    }
},
{
    "model": "Politricks.party",
    "pk": 14,
    "fields": {
        "title": "Kims Party",
        "description": "Lorem Ipsum is simply dummy text of the printing and typesetting industry. Lorem Ipsum has been the industry's standard dummy text ever since the 1500s, when an unknown printer took a galley of type and scrambled it to make a type specimen book. It has sur",
        "view": 0
    }
},
{
    "model": "Politricks.party",
    "pk": 15,
    "fields": {
        "title": "Kimber Party",
        "description": "Lorem Ipsum is simply dummy text of the printing and typesetting industry. Lorem Ipsum has been the industry's standard dummy text ever since the 1500s, when an unknown printer took a galley of type and scrambled it to make a type specimen book. It has sur",
        "view": 0
    }
},
{
    "model": "Politricks.party",
    "pk": 16,
    "fields": {
        "title": "Sam's Party",
        "description": "Lorem Ipsum is simply dummy text of the printing and typesetting industry. Lorem Ipsum has been the industry's standard dummy text ever since the 1500s, when an unknown printer took a galley of type and scrambled it to make a type specimen book. It has sur",
        "view": 0
    }
},
{
    "model": "Politricks.party",
    "pk": 17,
    "fields": {
        "title": "Katy Party",
        "description": "Lorem Ipsum is simply dummy text of the printing and typesetting industry. Lorem Ipsum has been the industry's standard dummy text ever since the 1500s, when an unknown printer took a galley of type and scrambled it to make a type specimen book. It has sur",
        "view": 0
    }
},
{
    "model": "Politricks.party",
    "pk": 18,
    "fields": {
        "title": "Jim Party",
        "description": "Lorem Ipsum is simply dummy text of the printing and typesetting industry. Lorem Ipsum has been the industry's standard dummy text ever since the 1500s, when an unknown printer took a galley of type and scrambled it to make a type specimen book. It has sur",
        "view": 0
    }
},
{
    "model": "Politricks.userinfo",
    "pk": 1,
    "fields": {
        "user": 3,
        "address": "1/2 user, auckland",
        "photo": "",
        "status": 1,
        "tag": []
    }
},
{
    "model": "Politricks.userinfo",
    "pk": 2,
    "fields": {
        "user": 8,
        "address": "1/2 user, auckland",
        "photo": "",
        "status": 1,
        "tag": [
            1
        ]
    }
},
{
    "model": "Politricks.userinfo",
    "pk": 3,
    "fields": {
        "user": 1,
        "address": "1/2 user, auckland",
        "photo": "",
        "status": 1,
        "tag": [
            1
        ]
    }
},
{
    "model": "Politricks.userinfo",
    "pk": 4,
    "fields": {
        "user": 9,
        "address": "1/2 user, auckland",
        "photo": "",
        "status": 1,
        "tag": [
            1
        ]
    }
},
{
    "model": "Politricks.userinfo",
    "pk": 5,
    "fields": {
        "user": 10,
        "address": "1/2 user, auckland",
        "photo": "",
        "status": 1,
        "tag": [
            1
        ]
    }
},
{
    "model": "Politricks.userinfo",
    "pk": 6,
    "fields": {
        "user": 11,
        "address": "1/2 user, auckland",
        "photo": "",
        "status": 1,
        "tag": []
    }
},
{
    "model": "Politricks.userinfo",
    "pk": 7,
    "fields": {
        "user": 12,
        "address": "1/2 user, auckland",
        "photo": "",
        "status": 1,
        "tag": []
    }
},
{
    "model": "Politricks.userinfo",
    "pk": 8,
    "fields": {
        "user": 13,
        "address": "1/2 user, auckland",
        "photo": "",
        "status": 1,
        "tag": []
    }
},
{
    "model": "Politricks.userinfo",
    "pk": 9,
    "fields": {
        "user": 14,
        "address": "1/2 user, auckland",
        "photo": "",
        "status": 1,
        "tag": []
    }
},
{
    "model": "Politricks.userinfo",
    "pk": 10,
    "fields": {
        "user": 15,
        "address": "1/2 user, auckland",
        "photo": "",
        "status": 1,
        "tag": []
    }
},
{
    "model": "Politricks.userinfo",
    "pk": 11,
    "fields": {
        "user": 16,
        "address": "1/2 user, auckland",
        "photo": "",
        "status": 1,
        "tag": []
    }
},
{
    "model": "Politricks.userinfo",
    "pk": 12,
    "fields": {
        "user": 17,
        "address": "1/2 user, auckland",
        "photo": "",
        "status": 1,
        "tag": []
    }
},
{
    "model": "Politricks.postreaction",
    "pk": 1,
    "fields": {
        "postId": 1,
        "supportCnt": [
            2,
            4
        ],
        "unSupportCnt": [
            1
        ]
    }
},
{
    "model": "Politricks.partytestimonial",
    "pk": 1,
    "fields": {
        "title": "First Testimonial",
        "description": "Lorem ipsum dolor sit amet, consectetur adipisicing elit, sed do eiusmod tempor incididunt ut labore et dolore magna aliqua. Ut enim ad minim veniam, quis nostrud eiusmod tempor incididunt ut labore et dolore magna aliqua exercitation ullamco laboris",
        "user": 1,
        "party": 1,
        "rating": 4,
        "created": "2020-09-09T22:38:29.346Z",
        "lastmodified": "2020-09-09T22:38:29.346Z"
    }
},
{
    "model": "Politricks.partytestimonial",
    "pk": 2,
    "fields": {
        "title": "Secind",
        "description": "Lorem ipsum dolor sit amet, consectetur adipisicing elit, sed do eiusmod tempor incididunt ut labore et dolore magna aliqua. Ut enim ad minim veniam, quis nostrud eiusmod tempor incididunt ut labore et dolore magna aliqua exercitation ullamco laboris",
        "user": 1,
        "party": 1,
        "rating": 2,
        "created": "2020-09-09T22:38:44.671Z",
        "lastmodified": "2020-09-09T22:38:44.671Z"
    }
},
{
    "model": "Politricks.partytestimonial",
    "pk": 3,
    "fields": {
        "title": "New Test",
        "description": "Lorem ipsum dolor sit amet, consectetur adipisicing elit, sed do eiusmod tempor incididunt ut labore et dolore magna aliqua. Ut enim ad minim veniam, quis nostrud eiusmod tempor incididunt ut labore et dolore magna aliqua exercitation ullamco laboris",
        "user": 4,
        "party": 10,
        "rating": 3,
        "created": "2020-09-12T13:13:06.988Z",
        "lastmodified": "2020-09-12T13:13:06.988Z"
    }
},
{
    "model": "Politricks.partytestimonial",
    "pk": 4,
    "fields": {
        "title": "Test",
        "description": "Lorem ipsum dolor sit amet, consectetur adipisicing elit, sed do eiusmod tempor incididunt ut labore et dolore magna aliqua. Ut enim ad minim veniam, quis nostrud eiusmod tempor incididunt ut labore et dolore magna aliqua exercitation ullamco laboris",
        "user": 4,
        "party": 10,
        "rating": 5,
        "created": "2020-09-12T13:13:25.039Z",
        "lastmodified": "2020-09-12T13:13:25.039Z"
    }
},
{
    "model": "Politricks.partytestimonial",
    "pk": 5,
    "fields": {
        "title": "Not good",
        "description": "Lorem ipsum dolor sit amet, consectetur adipisicing elit, sed do eiusmod tempor incididunt ut labore et dolore magna aliqua. Ut enim ad minim veniam, quis nostrud eiusmod tempor incididunt ut labore et dolore magna aliqua exercitation ullamco laboris",
        "user": 9,
        "party": 12,
        "rating": 8,
        "created": "2020-09-15T00:00:42Z",
        "lastmodified": "2020-09-15T00:00:44Z"
    }
},
{
    "model": "Politricks.status",
    "pk": 1,
    "fields": {
        "label": "Active"
    }
},
{
    "model": "Politricks.status",
    "pk": 2,
    "fields": {
        "label": "hidden"
    }
},
{
    "model": "Politricks.post",
    "pk": 1,
    "fields": {
        "partyID": 1,
        "locationID": 1,
        "userID": 1,
        "title": "All about Critics!!!",
        "description": "Lorem ipsum dolor sit amet, consectetur adipisicing elit, sed do eiusmod tempor incididunt ut labore et dolore magna aliqua. Ut enim ad minim veniam, quis nostrud eiusmod tempor incididunt ut labore et dolore magna aliqua exercitation ullamco laboris nisi",
        "privacy": "",
        "create_at": "2020-09-09T22:27:38.433Z",
        "view": 0,
        "picture": "",
        "deleted": false,
        "postTag": [
            1
        ]
    }
},
{
    "model": "Politricks.post",
    "pk": 2,
    "fields": {
        "partyID": 2,
        "locationID": 2,
        "userID": 2,
        "title": "Political Party",
        "description": "Lorem ipsum dolor sit amet, consectetur adipisicing elit, sed do eiusmod tempor incididunt ut labore et dolore magna aliqua. Ut enim ad minim veniam, quis nostrud eiusmod tempor incididunt ut labore et dolore magna aliqua exercitation ullamco laboris",
        "privacy": "",
        "create_at": "2020-09-09T22:47:30.719Z",
        "view": 0,
        "picture": "",
        "deleted": false,
        "postTag": [
            1
        ]
    }
},
{
    "model": "Politricks.post",
    "pk": 3,
    "fields": {
        "partyID": 10,
        "locationID": 10,
        "userID": 4,
        "title": "Latest NEWS!!!",
        "description": "Lorem Ipsum simply dummy text of the printing and typesetting industry. Lorem Ipsum has been the industry's standard dummy text ever since the 1500s, when an unknown printer took a galley of type and scrambled it to make a type specimen book. It has sur",
        "privacy": "",
        "create_at": "2020-09-10T22:33:14.206Z",
        "view": 0,
        "picture": "",
        "deleted": false,
        "postTag": [
            1
        ]
    }
},
{
    "model": "Politricks.post",
    "pk": 4,
    "fields": {
        "partyID": 11,
        "locationID": 11,
        "userID": 5,
        "title": "Latest NEWS!!!",
        "description": "Lorem Ipsum is simply dummy text of the printing and typesetting industry. Lorem Ipsum has been the industry's standard dummy text ever since the 1500s, when an unknown printer took a galley of type and scrambled it to make a type specimen book. It has sur",
        "privacy": "",
        "create_at": "2020-09-14T02:06:09.864Z",
        "view": 0,
        "picture": "",
        "deleted": false,
        "postTag": [
            1
        ]
    }
},
{
    "model": "Politricks.post",
    "pk": 5,
    "fields": {
        "partyID": 12,
        "locationID": 12,
        "userID": 5,
        "title": "Latest NEWS!!!",
        "description": "Lorem Ipsum is simply dummy text of the printing and typesetting industry. Lorem Ipsum has been the industry's standard dummy text ever since the 1500s, when an unknown printer took a galley of type and scrambled it to make a type specimen book. It has sur",
        "privacy": "",
        "create_at": "2020-09-14T02:14:57.899Z",
        "view": 0,
        "picture": "",
        "deleted": false,
        "postTag": []
    }
},
{
    "model": "Politricks.post",
    "pk": 6,
    "fields": {
        "partyID": 13,
        "locationID": 13,
        "userID": 5,
        "title": "Latest NEWS!!!",
        "description": "Lorem Ipsum is simply dummy text of the printing and typesetting industry. Lorem Ipsum has been the industry's standard dummy text ever since the 1500s, when an unknown printer took a galley of type and scrambled it to make a type specimen book. It has sur",
        "privacy": "",
        "create_at": "2020-09-14T02:22:36.483Z",
        "view": 0,
        "picture": "",
        "deleted": false,
        "postTag": []
    }
},
{
    "model": "Politricks.post",
    "pk": 7,
    "fields": {
        "partyID": 14,
        "locationID": 14,
        "userID": 5,
        "title": "Latest NEWS!!!",
        "description": "Lorem Ipsum is simply dummy text of the printing and typesetting industry. Lorem Ipsum has been the industry's standard dummy text ever since the 1500s, when an unknown printer took a galley of type and scrambled it to make a type specimen book. It has sur",
        "privacy": "",
        "create_at": "2020-09-14T02:22:56.014Z",
        "view": 0,
        "picture": "",
        "deleted": false,
        "postTag": [
            2
        ]
    }
},
{
    "model": "Politricks.post",
    "pk": 8,
    "fields": {
        "partyID": 15,
        "locationID": 15,
        "userID": 5,
        "title": "Latest NEWS!!!",
        "description": "Lorem Ipsum is simply dummy text of the printing and typesetting industry. Lorem Ipsum has been the industry's standard dummy text ever since the 1500s, when an unknown printer took a galley of type and scrambled it to make a type specimen book. It has sur",
        "privacy": "",
        "create_at": "2020-09-14T02:24:15.129Z",
        "view": 0,
        "picture": "",
        "deleted": false,
        "postTag": [
            6
        ]
    }
},
{
    "model": "Politricks.post",
    "pk": 9,
    "fields": {
        "partyID": 16,
        "locationID": 16,
        "userID": 5,
        "title": "Party News",
        "description": "Lorem Ipsum is simply dummy text of the printing and typesetting industry. Lorem Ipsum has been the industry's standard dummy text ever since the 1500s, when an unknown printer took a galley of type and scrambled it to make a type specimen book. It has sur",
        "privacy": "",
        "create_at": "2020-09-14T02:40:58.123Z",
        "view": 0,
        "picture": "",
        "deleted": false,
        "postTag": [
            7
        ]
    }
},
{
    "model": "Politricks.post",
    "pk": 10,
    "fields": {
        "partyID": 17,
        "locationID": 17,
        "userID": 5,
        "title": "Latest NEWS!!!",
        "description": "Lorem Ipsum is simply dummy text of the printing and typesetting industry. Lorem Ipsum has been the industry's standard dummy text ever since the 1500s, when an unknown printer took a galley of type and scrambled it to make a type specimen book. It has sur",
        "privacy": "",
        "create_at": "2020-09-14T02:44:15.487Z",
        "view": 0,
        "picture": "",
        "deleted": false,
        "postTag": [
            2,
            8
        ]
    }
},
{
    "model": "Politricks.post",
    "pk": 11,
    "fields": {
        "partyID": 18,
        "locationID": 18,
        "userID": 5,
        "title": "Party News",
        "description": "Lorem Ipsum is simply dummy text of the printing and typesetting industry. Lorem Ipsum has been the industry's standard dummy text ever since the 1500s, when an unknown printer took a galley of type and scrambled it to make a type specimen book. It has sur",
        "privacy": "",
        "create_at": "2020-09-14T02:46:45.440Z",
        "view": 0,
        "picture": "",
        "deleted": false,
        "postTag": [
            1,
            9
        ]
    }
},
{
    "model": "Politricks.comment",
    "pk": 1,
    "fields": {
        "postID": 1,
        "user": 1,
        "postDate": "2020-09-09T22:29:38.034Z",
        "content": "Fist comment!!!!!!!!!!!!!!!!!!!!!!"
    }
},
{
    "model": "Politricks.comment",
    "pk": 2,
    "fields": {
        "postID": 1,
        "user": 2,
        "postDate": "2020-09-09T22:46:23.211Z",
        "content": "This is cool!!"
    }
},
{
    "model": "Politricks.comment",
    "pk": 3,
    "fields": {
        "postID": 1,
        "user": 4,
        "postDate": "2020-09-10T22:34:33.326Z",
        "content": "Interesting"
    }
},
{
    "model": "Politricks.tag",
    "pk": 1,
    "fields": {
        "name": "partycritics"
    }
},
{
    "model": "Politricks.tag",
    "pk": 2,
    "fields": {
        "name": "salvation"
    }
},
{
    "model": "Politricks.tag",
    "pk": 3,
    "fields": {
        "name": "salvation"
    }
},
{
    "model": "Politricks.tag",
    "pk": 4,
    "fields": {
        "name": "salvation"
    }
},
{
    "model": "Politricks.tag",
    "pk": 5,
    "fields": {
        "name": "salvation"
    }
},
{
    "model": "Politricks.tag",
    "pk": 6,
    "fields": {
        "name": "new"
    }
},
{
    "model": "Politricks.tag",
    "pk": 7,
    "fields": {
        "name": "loud"
    }
},
{
    "model": "Politricks.tag",
    "pk": 8,
    "fields": {
        "name": "trend"
    }
},
{
    "model": "Politricks.tag",
    "pk": 9,
    "fields": {
        "name": "canada"
    }
},
{
    "model": "Politricks.usertag",
    "pk": 1,
    "fields": {
        "tagId": 1,
        "postId": [
            4,
            11
        ]
    }
},
{
    "model": "Politricks.usertag",
    "pk": 2,
    "fields": {
        "tagId": 7,
        "postId": [
            9
        ]
    }
},
{
    "model": "Politricks.usertag",
    "pk": 3,
    "fields": {
        "tagId": 2,
        "postId": [
            10
        ]
    }
},
{
    "model": "Politricks.usertag",
    "pk": 4,
    "fields": {
        "tagId": 9,
        "postId": [
            11
        ]
    }
},
{
    "model": "Politricks.location",
    "pk": 1,
    "fields": {
        "name": "New Zealand",
        "shortName": "nz"
    }
},
{
    "model": "Politricks.location",
    "pk": 2,
    "fields": {
        "name": "New Zealand",
        "shortName": "nz"
    }
},
{
    "model": "Politricks.location",
    "pk": 3,
    "fields": {
        "name": "Australia",
        "shortName": "aus"
    }
},
{
    "model": "Politricks.location",
    "pk": 4,
    "fields": {
        "name": "Australia",
        "shortName": "aus"
    }
},
{
    "model": "Politricks.location",
    "pk": 5,
    "fields": {
        "name": "Australia",
        "shortName": "aus"
    }
},
{
    "model": "Politricks.location",
    "pk": 6,
    "fields": {
        "name": "Australia",
        "shortName": "aus"
    }
},
{
    "model": "Politricks.location",
    "pk": 7,
    "fields": {
        "name": "Australia",
        "shortName": "aus"
    }
},
{
    "model": "Politricks.location",
    "pk": 8,
    "fields": {
        "name": "Australia",
        "shortName": "aus"
    }
},
{
    "model": "Politricks.location",
    "pk": 9,
    "fields": {
        "name": "Australia",
        "shortName": "aus"
    }
},
{
    "model": "Politricks.location",
    "pk": 10,
    "fields": {
        "name": "Australia",
        "shortName": "aus"
    }
},
{
    "model": "Politricks.location",
    "pk": 11,
    "fields": {
        "name": "Australia",
        "shortName": "aus"
    }
},
{
    "model": "Politricks.location",
    "pk": 12,
    "fields": {
        "name": "salvation",
        "shortName": "aus"
    }
},
{
    "model": "Politricks.location",
    "pk": 13,
    "fields": {
        "name": "salvation",
        "shortName": "aus"
    }
},
{
    "model": "Politricks.location",
    "pk": 14,
    "fields": {
        "name": "salvation",
        "shortName": "aus"
    }
},
{
    "model": "Politricks.location",
    "pk": 15,
    "fields": {
        "name": "new",
        "shortName": "aus"
    }
},
{
    "model": "Politricks.location",
    "pk": 16,
    "fields": {
        "name": "loud",
        "shortName": "aus"
    }
},
{
    "model": "Politricks.location",
    "pk": 17,
    "fields": {
        "name": "trend",
        "shortName": "aus"
    }
},
{
    "model": "Politricks.location",
    "pk": 18,
    "fields": {
        "name": "canada",
        "shortName": "cad"
    }
}
]
